outcome,sex,model,estimator,term,n_used,coef,p_value,note
eng_any_ge_4,female,CGN_x_PC2_continuous,school_fe_ols,cgn01,183843,0.19533199109796134,0.0,"For binary outcomes, coefficient is percentage-point change in an LPM."
eng_any_ge_4,female,CGN_x_PC2_continuous,school_fe_ols,pc2_z,183843,0.07192917190557739,0.0,"For binary outcomes, coefficient is percentage-point change in an LPM."
eng_any_ge_4,female,CGN_x_PC2_continuous,school_fe_ols,cgn_x_pc2_z,183843,0.03243409665547201,3.128699458593178e-44,"For binary outcomes, coefficient is percentage-point change in an LPM."
eng_any_ge_4,female,CGN_x_high_PC2_indicator,school_fe_ols,cgn01,183843,0.15178900385602534,0.0,"For binary outcomes, coefficient is percentage-point change in an LPM."
eng_any_ge_4,female,CGN_x_high_PC2_indicator,school_fe_ols,pc2_high,183843,0.1252072020654904,0.0,"For binary outcomes, coefficient is percentage-point change in an LPM."
eng_any_ge_4,female,CGN_x_high_PC2_indicator,school_fe_ols,cgn_x_pc2_high,183843,0.09931529941145276,8.790994575642909e-55,"For binary outcomes, coefficient is percentage-point change in an LPM."
eng_any_ge_4,male,CGN_x_PC2_continuous,school_fe_ols,cgn01,182398,-0.1473177947996186,0.0,"For binary outcomes, coefficient is percentage-point change in an LPM."
eng_any_ge_4,male,CGN_x_PC2_continuous,school_fe_ols,pc2_z,182398,0.06787524702287288,0.0,"For binary outcomes, coefficient is percentage-point change in an LPM."
eng_any_ge_4,male,CGN_x_PC2_continuous,school_fe_ols,cgn_x_pc2_z,182398,-0.012606806737504864,7.442493884503213e-08,"For binary outcomes, coefficient is percentage-point change in an LPM."
eng_any_ge_4,male,CGN_x_high_PC2_indicator,school_fe_ols,cgn01,182398,-0.1768812326903611,0.0,"For binary outcomes, coefficient is percentage-point change in an LPM."
eng_any_ge_4,male,CGN_x_high_PC2_indicator,school_fe_ols,pc2_high,182398,0.1028751596659841,0.0,"For binary outcomes, coefficient is percentage-point change in an LPM."
eng_any_ge_4,male,CGN_x_high_PC2_indicator,school_fe_ols,cgn_x_pc2_high,182398,0.06557580434429107,9.802825962785398e-28,"For binary outcomes, coefficient is percentage-point change in an LPM."
stem_any_ge_4,female,CGN_x_PC2_continuous,school_fe_ols,cgn01,183843,0.15466197039792126,0.0,"For binary outcomes, coefficient is percentage-point change in an LPM."
stem_any_ge_4,female,CGN_x_PC2_continuous,school_fe_ols,pc2_z,183843,0.10958773897571567,0.0,"For binary outcomes, coefficient is percentage-point change in an LPM."
stem_any_ge_4,female,CGN_x_PC2_continuous,school_fe_ols,cgn_x_pc2_z,183843,-0.01406570581264374,2.113434165085769e-09,"For binary outcomes, coefficient is percentage-point change in an LPM."
stem_any_ge_4,female,CGN_x_high_PC2_indicator,school_fe_ols,cgn01,183843,0.13404916767103014,4.56296363699381e-309,"For binary outcomes, coefficient is percentage-point change in an LPM."
stem_any_ge_4,female,CGN_x_high_PC2_indicator,school_fe_ols,pc2_high,183843,0.17336322949836488,0.0,"For binary outcomes, coefficient is percentage-point change in an LPM."
stem_any_ge_4,female,CGN_x_high_PC2_indicator,school_fe_ols,cgn_x_pc2_high,183843,0.004029168973815408,0.49031454252981055,"For binary outcomes, coefficient is percentage-point change in an LPM."
stem_any_ge_4,male,CGN_x_PC2_continuous,school_fe_ols,cgn01,182398,-0.07126576750364144,1.5074927091662968e-228,"For binary outcomes, coefficient is percentage-point change in an LPM."
stem_any_ge_4,male,CGN_x_PC2_continuous,school_fe_ols,pc2_z,182398,0.05192977031153475,0.0,"For binary outcomes, coefficient is percentage-point change in an LPM."
stem_any_ge_4,male,CGN_x_PC2_continuous,school_fe_ols,cgn_x_pc2_z,182398,-0.005067202069348511,0.006612165622160993,"For binary outcomes, coefficient is percentage-point change in an LPM."
stem_any_ge_4,male,CGN_x_high_PC2_indicator,school_fe_ols,cgn01,182398,-0.09395372921649062,3.742589179747568e-251,"For binary outcomes, coefficient is percentage-point change in an LPM."
stem_any_ge_4,male,CGN_x_high_PC2_indicator,school_fe_ols,pc2_high,182398,0.07449516352639234,0.0,"For binary outcomes, coefficient is percentage-point change in an LPM."
stem_any_ge_4,male,CGN_x_high_PC2_indicator,school_fe_ols,cgn_x_pc2_high,182398,0.03999574660880191,4.2238659074171815e-20,"For binary outcomes, coefficient is percentage-point change in an LPM."
eng_any_ge_5,female,CGN_x_PC2_continuous,school_fe_ols,cgn01,183843,0.0926656181120322,0.0,"For binary outcomes, coefficient is percentage-point change in an LPM."
eng_any_ge_5,female,CGN_x_PC2_continuous,school_fe_ols,pc2_z,183843,0.032637897166529865,2.2608144085215665e-244,"For binary outcomes, coefficient is percentage-point change in an LPM."
eng_any_ge_5,female,CGN_x_PC2_continuous,school_fe_ols,cgn_x_pc2_z,183843,0.029017366034441258,4.635035165398423e-53,"For binary outcomes, coefficient is percentage-point change in an LPM."
eng_any_ge_5,female,CGN_x_high_PC2_indicator,school_fe_ols,cgn01,183843,0.061068351481814505,2.429188976228137e-166,"For binary outcomes, coefficient is percentage-point change in an LPM."
eng_any_ge_5,female,CGN_x_high_PC2_indicator,school_fe_ols,pc2_high,183843,0.05485043259009419,9.162319046731375e-154,"For binary outcomes, coefficient is percentage-point change in an LPM."
eng_any_ge_5,female,CGN_x_high_PC2_indicator,school_fe_ols,cgn_x_pc2_high,183843,0.08441174268993615,7.980307506738487e-59,"For binary outcomes, coefficient is percentage-point change in an LPM."
eng_any_ge_5,male,CGN_x_PC2_continuous,school_fe_ols,cgn01,182398,-0.1514572984957983,0.0,"For binary outcomes, coefficient is percentage-point change in an LPM."
eng_any_ge_5,male,CGN_x_PC2_continuous,school_fe_ols,pc2_z,182398,0.10030073910108098,0.0,"For binary outcomes, coefficient is percentage-point change in an LPM."
eng_any_ge_5,male,CGN_x_PC2_continuous,school_fe_ols,cgn_x_pc2_z,182398,-0.045868668295775045,2.0130870616273516e-72,"For binary outcomes, coefficient is percentage-point change in an LPM."
eng_any_ge_5,male,CGN_x_high_PC2_indicator,school_fe_ols,cgn01,182398,-0.16351792743362112,0.0,"For binary outcomes, coefficient is percentage-point change in an LPM."
eng_any_ge_5,male,CGN_x_high_PC2_indicator,school_fe_ols,pc2_high,182398,0.18015034672033944,0.0,"For binary outcomes, coefficient is percentage-point change in an LPM."
eng_any_ge_5,male,CGN_x_high_PC2_indicator,school_fe_ols,cgn_x_pc2_high,182398,-0.00289902673668287,0.6846212838370338,"For binary outcomes, coefficient is percentage-point change in an LPM."
stem_any_ge_5,female,CGN_x_PC2_continuous,school_fe_ols,cgn01,183843,0.12852068298638464,0.0,"For binary outcomes, coefficient is percentage-point change in an LPM."
stem_any_ge_5,female,CGN_x_PC2_continuous,school_fe_ols,pc2_z,183843,0.08422786852180636,0.0,"For binary outcomes, coefficient is percentage-point change in an LPM."
stem_any_ge_5,female,CGN_x_PC2_continuous,school_fe_ols,cgn_x_pc2_z,183843,0.008943368556466599,0.00043964507210552404,"For binary outcomes, coefficient is percentage-point change in an LPM."
stem_any_ge_5,female,CGN_x_high_PC2_indicator,school_fe_ols,cgn01,183843,0.09489759040152365,8.771236647315629e-194,"For binary outcomes, coefficient is percentage-point change in an LPM."
stem_any_ge_5,female,CGN_x_high_PC2_indicator,school_fe_ols,pc2_high,183843,0.14179233394274315,0.0,"For binary outcomes, coefficient is percentage-point change in an LPM."
stem_any_ge_5,female,CGN_x_high_PC2_indicator,school_fe_ols,cgn_x_pc2_high,183843,0.062411215965637395,1.2863645919636369e-20,"For binary outcomes, coefficient is percentage-point change in an LPM."
stem_any_ge_5,male,CGN_x_PC2_continuous,school_fe_ols,cgn01,182398,-0.08780490567370125,3.2102117196923424e-162,"For binary outcomes, coefficient is percentage-point change in an LPM."
stem_any_ge_5,male,CGN_x_PC2_continuous,school_fe_ols,pc2_z,182398,0.09829164871924562,0.0,"For binary outcomes, coefficient is percentage-point change in an LPM."
stem_any_ge_5,male,CGN_x_PC2_continuous,school_fe_ols,cgn_x_pc2_z,182398,-0.03507714859995709,4.735117965263438e-40,"For binary outcomes, coefficient is percentage-point change in an LPM."
stem_any_ge_5,male,CGN_x_high_PC2_indicator,school_fe_ols,cgn01,182398,-0.10476308482928291,1.8536817032827695e-185,"For binary outcomes, coefficient is percentage-point change in an LPM."
stem_any_ge_5,male,CGN_x_high_PC2_indicator,school_fe_ols,pc2_high,182398,0.17296239039477906,0.0,"For binary outcomes, coefficient is percentage-point change in an LPM."
stem_any_ge_5,male,CGN_x_high_PC2_indicator,school_fe_ols,cgn_x_pc2_high,182398,0.002987783891763288,0.6763352134021077,"For binary outcomes, coefficient is percentage-point change in an LPM."
major_intent_y1_stem,female,CGN_x_PC2_continuous,school_fe_ols,cgn01,98575,0.03166779761243878,1.1089645039572378e-52,"For binary outcomes, coefficient is percentage-point change in an LPM."
major_intent_y1_stem,female,CGN_x_PC2_continuous,school_fe_ols,pc2_z,98575,0.003917162187151709,3.122540120373162e-07,"For binary outcomes, coefficient is percentage-point change in an LPM."
major_intent_y1_stem,female,CGN_x_PC2_continuous,school_fe_ols,cgn_x_pc2_z,98575,0.0008830383504578842,0.5969430876408538,"For binary outcomes, coefficient is percentage-point change in an LPM."
major_intent_y1_stem,female,CGN_x_high_PC2_indicator,school_fe_ols,cgn01,98575,0.032569073677707734,2.6346632488429612e-42,"For binary outcomes, coefficient is percentage-point change in an LPM."
major_intent_y1_stem,female,CGN_x_high_PC2_indicator,school_fe_ols,pc2_high,98575,0.0038999766336782348,0.012081012276890325,"For binary outcomes, coefficient is percentage-point change in an LPM."
major_intent_y1_stem,female,CGN_x_high_PC2_indicator,school_fe_ols,cgn_x_pc2_high,98575,-0.005673722939079762,0.18197949672106495,"For binary outcomes, coefficient is percentage-point change in an LPM."
major_intent_y1_stem,male,CGN_x_PC2_continuous,school_fe_ols,cgn01,90421,-0.03086444027972106,1.4768434947120812e-16,"For binary outcomes, coefficient is percentage-point change in an LPM."
major_intent_y1_stem,male,CGN_x_PC2_continuous,school_fe_ols,pc2_z,90421,0.004737614217980587,0.00554290789911228,"For binary outcomes, coefficient is percentage-point change in an LPM."
major_intent_y1_stem,male,CGN_x_PC2_continuous,school_fe_ols,cgn_x_pc2_z,90421,0.0021305502286543933,0.44368710681796,"For binary outcomes, coefficient is percentage-point change in an LPM."
major_intent_y1_stem,male,CGN_x_high_PC2_indicator,school_fe_ols,cgn01,90421,-0.033354137307441654,2.257147191166857e-18,"For binary outcomes, coefficient is percentage-point change in an LPM."
major_intent_y1_stem,male,CGN_x_high_PC2_indicator,school_fe_ols,pc2_high,90421,-0.009021374909941132,0.013590221222431616,"For binary outcomes, coefficient is percentage-point change in an LPM."
major_intent_y1_stem,male,CGN_x_high_PC2_indicator,school_fe_ols,cgn_x_pc2_high,90421,-0.003821095879006188,0.6254307918429161,"For binary outcomes, coefficient is percentage-point change in an LPM."
major_intent_y1_engineering,female,CGN_x_PC2_continuous,school_fe_ols,cgn01,98575,0.001933559147816373,7.247171700353995e-07,"For binary outcomes, coefficient is percentage-point change in an LPM."
major_intent_y1_engineering,female,CGN_x_PC2_continuous,school_fe_ols,pc2_z,98575,4.86754391350018e-05,0.5966546643566195,"For binary outcomes, coefficient is percentage-point change in an LPM."
major_intent_y1_engineering,female,CGN_x_PC2_continuous,school_fe_ols,cgn_x_pc2_z,98575,-0.0002492122046837698,0.3964910670712932,"For binary outcomes, coefficient is percentage-point change in an LPM."
major_intent_y1_engineering,female,CGN_x_high_PC2_indicator,school_fe_ols,cgn01,98575,0.001974065744642907,2.4573622415843165e-06,"For binary outcomes, coefficient is percentage-point change in an LPM."
major_intent_y1_engineering,female,CGN_x_high_PC2_indicator,school_fe_ols,pc2_high,98575,0.00021868458323211229,0.3282257332553663,"For binary outcomes, coefficient is percentage-point change in an LPM."
major_intent_y1_engineering,female,CGN_x_high_PC2_indicator,school_fe_ols,cgn_x_pc2_high,98575,-0.00015169036899643208,0.8416673420045953,"For binary outcomes, coefficient is percentage-point change in an LPM."
major_intent_y1_engineering,male,CGN_x_PC2_continuous,school_fe_ols,cgn01,90421,-0.052692631570776596,2.6947050857113593e-115,"For binary outcomes, coefficient is percentage-point change in an LPM."
major_intent_y1_engineering,male,CGN_x_PC2_continuous,school_fe_ols,pc2_z,90421,0.0027949891289783205,0.015053425477883827,"For binary outcomes, coefficient is percentage-point change in an LPM."
major_intent_y1_engineering,male,CGN_x_PC2_continuous,school_fe_ols,cgn_x_pc2_z,90421,-0.0031456381880314954,0.07429721565302697,"For binary outcomes, coefficient is percentage-point change in an LPM."
major_intent_y1_engineering,male,CGN_x_high_PC2_indicator,school_fe_ols,cgn01,90421,-0.053526162396653705,1.1895737185489608e-105,"For binary outcomes, coefficient is percentage-point change in an LPM."
major_intent_y1_engineering,male,CGN_x_high_PC2_indicator,school_fe_ols,pc2_high,90421,-0.005343511270057477,0.0450992759883179,"For binary outcomes, coefficient is percentage-point change in an LPM."
major_intent_y1_engineering,male,CGN_x_high_PC2_indicator,school_fe_ols,cgn_x_pc2_high,90421,0.0020054998970050987,0.6592895479330296,"For binary outcomes, coefficient is percentage-point change in an LPM."
major_realized_y11_stem,female,CGN_x_PC2_continuous,school_fe_ols,cgn01,20973,0.04676798550701325,1.2292958858023394e-15,"For binary outcomes, coefficient is percentage-point change in an LPM."
major_realized_y11_stem,female,CGN_x_PC2_continuous,school_fe_ols,pc2_z,20973,0.002889420568525812,0.26414000175708807,"For binary outcomes, coefficient is percentage-point change in an LPM."
major_realized_y11_stem,female,CGN_x_PC2_continuous,school_fe_ols,cgn_x_pc2_z,20973,0.0007837397540383412,0.8926763220291428,"For binary outcomes, coefficient is percentage-point change in an LPM."
major_realized_y11_stem,female,CGN_x_high_PC2_indicator,school_fe_ols,cgn01,20973,0.04563340021329789,7.110362238651378e-12,"For binary outcomes, coefficient is percentage-point change in an LPM."
major_realized_y11_stem,female,CGN_x_high_PC2_indicator,school_fe_ols,pc2_high,20973,0.004565994962445615,0.3015057600003128,"For binary outcomes, coefficient is percentage-point change in an LPM."
major_realized_y11_stem,female,CGN_x_high_PC2_indicator,school_fe_ols,cgn_x_pc2_high,20973,0.0028258031497136638,0.8136426765103539,"For binary outcomes, coefficient is percentage-point change in an LPM."
major_realized_y11_stem,male,CGN_x_PC2_continuous,school_fe_ols,cgn01,27921,-0.10694130034870386,6.253097044217053e-75,"For binary outcomes, coefficient is percentage-point change in an LPM."
major_realized_y11_stem,male,CGN_x_PC2_continuous,school_fe_ols,pc2_z,27921,-0.018259808751545148,4.814753958368195e-07,"For binary outcomes, coefficient is percentage-point change in an LPM."
major_realized_y11_stem,male,CGN_x_PC2_continuous,school_fe_ols,cgn_x_pc2_z,27921,-0.0022173757283259184,0.7131539010321952,"For binary outcomes, coefficient is percentage-point change in an LPM."
major_realized_y11_stem,male,CGN_x_high_PC2_indicator,school_fe_ols,cgn01,27921,-0.10366287490492135,1.4973129667832547e-57,"For binary outcomes, coefficient is percentage-point change in an LPM."
major_realized_y11_stem,male,CGN_x_high_PC2_indicator,school_fe_ols,pc2_high,27921,-0.0390446296945833,4.4789042465846824e-08,"For binary outcomes, coefficient is percentage-point change in an LPM."
major_realized_y11_stem,male,CGN_x_high_PC2_indicator,school_fe_ols,cgn_x_pc2_high,27921,0.002088418258266818,0.8771117720560675,"For binary outcomes, coefficient is percentage-point change in an LPM."
major_realized_y11_engineering,female,CGN_x_PC2_continuous,school_fe_ols,cgn01,20973,0.004557441390649529,0.0008647430266797895,"For binary outcomes, coefficient is percentage-point change in an LPM."
major_realized_y11_engineering,female,CGN_x_PC2_continuous,school_fe_ols,pc2_z,20973,0.0005723900324261416,0.23901990064459855,"For binary outcomes, coefficient is percentage-point change in an LPM."
major_realized_y11_engineering,female,CGN_x_PC2_continuous,school_fe_ols,cgn_x_pc2_z,20973,-0.0007632269695098669,0.5351485589787386,"For binary outcomes, coefficient is percentage-point change in an LPM."
major_realized_y11_engineering,female,CGN_x_high_PC2_indicator,school_fe_ols,cgn01,20973,0.005264799738588885,0.0007391879540499283,"For binary outcomes, coefficient is percentage-point change in an LPM."
major_realized_y11_engineering,female,CGN_x_high_PC2_indicator,school_fe_ols,pc2_high,20973,0.0014249354034774795,0.12342997786795762,"For binary outcomes, coefficient is percentage-point change in an LPM."
major_realized_y11_engineering,female,CGN_x_high_PC2_indicator,school_fe_ols,cgn_x_pc2_high,20973,-0.0028811331500350735,0.25123066915090586,"For binary outcomes, coefficient is percentage-point change in an LPM."
major_realized_y11_engineering,male,CGN_x_PC2_continuous,school_fe_ols,cgn01,27921,-0.09002852444669156,2.670623083117605e-100,"For binary outcomes, coefficient is percentage-point change in an LPM."
major_realized_y11_engineering,male,CGN_x_PC2_continuous,school_fe_ols,pc2_z,27921,-0.008438953483535239,0.0012781812095112373,"For binary outcomes, coefficient is percentage-point change in an LPM."
major_realized_y11_engineering,male,CGN_x_PC2_continuous,school_fe_ols,cgn_x_pc2_z,27921,-0.0014357547171420812,0.720289205907321,"For binary outcomes, coefficient is percentage-point change in an LPM."
major_realized_y11_engineering,male,CGN_x_high_PC2_indicator,school_fe_ols,cgn01,27921,-0.0889630200028047,7.688565211313383e-79,"For binary outcomes, coefficient is percentage-point change in an LPM."
major_realized_y11_engineering,male,CGN_x_high_PC2_indicator,school_fe_ols,pc2_high,27921,-0.022797248936852272,1.3025215841771734e-05,"For binary outcomes, coefficient is percentage-point change in an LPM."
major_realized_y11_engineering,male,CGN_x_high_PC2_indicator,school_fe_ols,cgn_x_pc2_high,27921,0.0017911620259633508,0.8379887614456605,"For binary outcomes, coefficient is percentage-point change in an LPM."
stem_job_y11,female,CGN_x_PC2_continuous,school_fe_ols,cgn01,34692,0.003316573127466903,0.0009913892482575249,"For binary outcomes, coefficient is percentage-point change in an LPM."
stem_job_y11,female,CGN_x_PC2_continuous,school_fe_ols,pc2_z,34692,0.00015521958442552564,0.7072803677363122,"For binary outcomes, coefficient is percentage-point change in an LPM."
stem_job_y11,female,CGN_x_PC2_continuous,school_fe_ols,cgn_x_pc2_z,34692,-0.0006864509713630615,0.3705842847978378,"For binary outcomes, coefficient is percentage-point change in an LPM."
stem_job_y11,female,CGN_x_high_PC2_indicator,school_fe_ols,cgn01,34692,0.003524150679525024,0.005858952017325862,"For binary outcomes, coefficient is percentage-point change in an LPM."
stem_job_y11,female,CGN_x_high_PC2_indicator,school_fe_ols,pc2_high,34692,-0.00036800633928592605,0.6451544937343909,"For binary outcomes, coefficient is percentage-point change in an LPM."
stem_job_y11,female,CGN_x_high_PC2_indicator,school_fe_ols,cgn_x_pc2_high,34692,-0.0007835376334906242,0.7289309017401489,"For binary outcomes, coefficient is percentage-point change in an LPM."
stem_job_y11,male,CGN_x_PC2_continuous,school_fe_ols,cgn01,33931,-0.01384093681012428,4.12764393098168e-06,"For binary outcomes, coefficient is percentage-point change in an LPM."
stem_job_y11,male,CGN_x_PC2_continuous,school_fe_ols,pc2_z,33931,-0.0015511776267416427,0.2189499901792693,"For binary outcomes, coefficient is percentage-point change in an LPM."
stem_job_y11,male,CGN_x_PC2_continuous,school_fe_ols,cgn_x_pc2_z,33931,-5.2915944835857804e-05,0.9809284779497832,"For binary outcomes, coefficient is percentage-point change in an LPM."
stem_job_y11,male,CGN_x_high_PC2_indicator,school_fe_ols,cgn01,33931,-0.012870200060722316,4.463021484478678e-05,"For binary outcomes, coefficient is percentage-point change in an LPM."
stem_job_y11,male,CGN_x_high_PC2_indicator,school_fe_ols,pc2_high,33931,-0.005288791777730863,0.05347162307219181,"For binary outcomes, coefficient is percentage-point change in an LPM."
stem_job_y11,male,CGN_x_high_PC2_indicator,school_fe_ols,cgn_x_pc2_high,33931,-0.004143443156211473,0.5119945266338701,"For binary outcomes, coefficient is percentage-point change in an LPM."
engineering_job_y11,female,CGN_x_PC2_continuous,school_fe_ols,cgn01,34692,0.0019173577244636286,0.015250765630110557,"For binary outcomes, coefficient is percentage-point change in an LPM."
engineering_job_y11,female,CGN_x_PC2_continuous,school_fe_ols,pc2_z,34692,-3.141169157733724e-05,0.921155987333472,"For binary outcomes, coefficient is percentage-point change in an LPM."
engineering_job_y11,female,CGN_x_PC2_continuous,school_fe_ols,cgn_x_pc2_z,34692,-0.0003354805358309877,0.6117964988016216,"For binary outcomes, coefficient is percentage-point change in an LPM."
engineering_job_y11,female,CGN_x_high_PC2_indicator,school_fe_ols,cgn01,34692,0.0016408188945620755,0.08278002309302092,"For binary outcomes, coefficient is percentage-point change in an LPM."
engineering_job_y11,female,CGN_x_high_PC2_indicator,school_fe_ols,pc2_high,34692,-0.00021233500214980097,0.7429122941528408,"For binary outcomes, coefficient is percentage-point change in an LPM."
engineering_job_y11,female,CGN_x_high_PC2_indicator,school_fe_ols,cgn_x_pc2_high,34692,0.0009949679155903963,0.5915728014304189,"For binary outcomes, coefficient is percentage-point change in an LPM."
engineering_job_y11,male,CGN_x_PC2_continuous,school_fe_ols,cgn01,33931,-0.013759055657977857,7.379757193693216e-07,"For binary outcomes, coefficient is percentage-point change in an LPM."
engineering_job_y11,male,CGN_x_PC2_continuous,school_fe_ols,pc2_z,33931,-0.0010816358994329574,0.37222579106050646,"For binary outcomes, coefficient is percentage-point change in an LPM."
engineering_job_y11,male,CGN_x_PC2_continuous,school_fe_ols,cgn_x_pc2_z,33931,6.917461158303888e-05,0.9722376296643106,"For binary outcomes, coefficient is percentage-point change in an LPM."
engineering_job_y11,male,CGN_x_high_PC2_indicator,school_fe_ols,cgn01,33931,-0.01313950273210621,7.5882046132637925e-06,"For binary outcomes, coefficient is percentage-point change in an LPM."
engineering_job_y11,male,CGN_x_high_PC2_indicator,school_fe_ols,pc2_high,33931,-0.0046683522236702175,0.08081007466143053,"For binary outcomes, coefficient is percentage-point change in an LPM."
engineering_job_y11,male,CGN_x_high_PC2_indicator,school_fe_ols,cgn_x_pc2_high,33931,-0.003208946158384256,0.5859456072581654,"For binary outcomes, coefficient is percentage-point change in an LPM."
earnings_o221_among_earners,female,CGN_x_PC2_continuous,school_fe_ols,cgn01,15524,302.5354903004348,0.0009198061885677035,"For binary outcomes, coefficient is percentage-point change in an LPM."
earnings_o221_among_earners,female,CGN_x_PC2_continuous,school_fe_ols,pc2_z,15524,49.0385879126442,0.2637471828584742,"For binary outcomes, coefficient is percentage-point change in an LPM."
earnings_o221_among_earners,female,CGN_x_PC2_continuous,school_fe_ols,cgn_x_pc2_z,15524,-5.968420826080983,0.9388943235709855,"For binary outcomes, coefficient is percentage-point change in an LPM."
earnings_o221_among_earners,female,CGN_x_high_PC2_indicator,school_fe_ols,cgn01,15524,370.43136877063057,0.00043701617461882686,"For binary outcomes, coefficient is percentage-point change in an LPM."
earnings_o221_among_earners,female,CGN_x_high_PC2_indicator,school_fe_ols,pc2_high,15524,18.87739920247843,0.8250340215388693,"For binary outcomes, coefficient is percentage-point change in an LPM."
earnings_o221_among_earners,female,CGN_x_high_PC2_indicator,school_fe_ols,cgn_x_pc2_high,15524,-266.95803280356256,0.1927108158873576,"For binary outcomes, coefficient is percentage-point change in an LPM."
earnings_o221_among_earners,male,CGN_x_PC2_continuous,school_fe_ols,cgn01,29379,-285.56034166465014,0.006072688090518619,"For binary outcomes, coefficient is percentage-point change in an LPM."
earnings_o221_among_earners,male,CGN_x_PC2_continuous,school_fe_ols,pc2_z,29379,335.1335489971988,2.0221220891960462e-14,"For binary outcomes, coefficient is percentage-point change in an LPM."
earnings_o221_among_earners,male,CGN_x_PC2_continuous,school_fe_ols,cgn_x_pc2_z,29379,61.777563252949854,0.5022106226543607,"For binary outcomes, coefficient is percentage-point change in an LPM."
earnings_o221_among_earners,male,CGN_x_high_PC2_indicator,school_fe_ols,cgn01,29379,-405.3042342816277,0.0002762014407487263,"For binary outcomes, coefficient is percentage-point change in an LPM."
earnings_o221_among_earners,male,CGN_x_high_PC2_indicator,school_fe_ols,pc2_high,29379,499.67785551100854,4.163184013526346e-08,"For binary outcomes, coefficient is percentage-point change in an LPM."
earnings_o221_among_earners,male,CGN_x_high_PC2_indicator,school_fe_ols,cgn_x_pc2_high,29379,-0.21137475286322127,0.9993054778327066,"For binary outcomes, coefficient is percentage-point change in an LPM."
log_earnings_o222_among_earners,female,CGN_x_PC2_continuous,school_fe_ols,cgn01,22863,2.3014755097233985,1.535487941563324e-10,"For binary outcomes, coefficient is percentage-point change in an LPM."
log_earnings_o222_among_earners,female,CGN_x_PC2_continuous,school_fe_ols,pc2_z,22863,-0.1350931630801301,0.47073726675702676,"For binary outcomes, coefficient is percentage-point change in an LPM."
log_earnings_o222_among_earners,female,CGN_x_PC2_continuous,school_fe_ols,cgn_x_pc2_z,22863,-0.39242834999229076,0.20062814602945167,"For binary outcomes, coefficient is percentage-point change in an LPM."
log_earnings_o222_among_earners,female,CGN_x_high_PC2_indicator,school_fe_ols,cgn01,22863,2.78355077193064,1.0962657762500529e-11,"For binary outcomes, coefficient is percentage-point change in an LPM."
log_earnings_o222_among_earners,female,CGN_x_high_PC2_indicator,school_fe_ols,pc2_high,22863,-0.10255192571365918,0.7747172628762322,"For binary outcomes, coefficient is percentage-point change in an LPM."
log_earnings_o222_among_earners,female,CGN_x_high_PC2_indicator,school_fe_ols,cgn_x_pc2_high,22863,-1.6478712071441943,0.022344478561801658,"For binary outcomes, coefficient is percentage-point change in an LPM."
log_earnings_o222_among_earners,male,CGN_x_PC2_continuous,school_fe_ols,cgn01,30482,-1.1334202010381784,1.0503368355994096e-09,"For binary outcomes, coefficient is percentage-point change in an LPM."
log_earnings_o222_among_earners,male,CGN_x_PC2_continuous,school_fe_ols,pc2_z,30482,0.5069972544514963,1.0945831006593565e-09,"For binary outcomes, coefficient is percentage-point change in an LPM."
log_earnings_o222_among_earners,male,CGN_x_PC2_continuous,school_fe_ols,cgn_x_pc2_z,30482,-0.04171738528189159,0.7923776163068362,"For binary outcomes, coefficient is percentage-point change in an LPM."
log_earnings_o222_among_earners,male,CGN_x_high_PC2_indicator,school_fe_ols,cgn01,30482,-1.3744365910231886,4.634637631197646e-11,"For binary outcomes, coefficient is percentage-point change in an LPM."
log_earnings_o222_among_earners,male,CGN_x_high_PC2_indicator,school_fe_ols,pc2_high,30482,0.6729956849711533,3.9517073881028534e-05,"For binary outcomes, coefficient is percentage-point change in an LPM."
log_earnings_o222_among_earners,male,CGN_x_high_PC2_indicator,school_fe_ols,cgn_x_pc2_high,30482,0.5922510642701909,0.19066851704115162,"For binary outcomes, coefficient is percentage-point change in an LPM."
ever_married,female,CGN_x_PC2_continuous,school_fe_ols,cgn01,34034,-0.06033855436829277,7.045403447394298e-34,"For binary outcomes, coefficient is percentage-point change in an LPM."
ever_married,female,CGN_x_PC2_continuous,school_fe_ols,pc2_z,34034,0.02054302104398463,3.031757017900244e-18,"For binary outcomes, coefficient is percentage-point change in an LPM."
ever_married,female,CGN_x_PC2_continuous,school_fe_ols,cgn_x_pc2_z,34034,0.011832594835665556,0.010817137414914548,"For binary outcomes, coefficient is percentage-point change in an LPM."
ever_married,female,CGN_x_high_PC2_indicator,school_fe_ols,cgn01,34034,-0.06993789745959468,4.0065696489753354e-32,"For binary outcomes, coefficient is percentage-point change in an LPM."
ever_married,female,CGN_x_high_PC2_indicator,school_fe_ols,pc2_high,34034,0.028481196383468438,2.6540731163145406e-12,"For binary outcomes, coefficient is percentage-point change in an LPM."
ever_married,female,CGN_x_high_PC2_indicator,school_fe_ols,cgn_x_pc2_high,34034,0.024106411061791403,0.026828402745063686,"For binary outcomes, coefficient is percentage-point change in an LPM."
ever_married,male,CGN_x_PC2_continuous,school_fe_ols,cgn01,33281,-0.09714142460817682,1.406250346619022e-50,"For binary outcomes, coefficient is percentage-point change in an LPM."
ever_married,male,CGN_x_PC2_continuous,school_fe_ols,pc2_z,33281,0.029337366923235766,1.3391987265491232e-34,"For binary outcomes, coefficient is percentage-point change in an LPM."
ever_married,male,CGN_x_PC2_continuous,school_fe_ols,cgn_x_pc2_z,33281,0.014689223514057987,0.00620460000032118,"For binary outcomes, coefficient is percentage-point change in an LPM."
ever_married,male,CGN_x_high_PC2_indicator,school_fe_ols,cgn01,33281,-0.12248466236654275,7.879108653580012e-62,"For binary outcomes, coefficient is percentage-point change in an LPM."
ever_married,male,CGN_x_high_PC2_indicator,school_fe_ols,pc2_high,33281,0.044604256697965514,5.194895944232997e-23,"For binary outcomes, coefficient is percentage-point change in an LPM."
ever_married,male,CGN_x_high_PC2_indicator,school_fe_ols,cgn_x_pc2_high,33281,0.06634673037988977,1.5644445642700306e-06,"For binary outcomes, coefficient is percentage-point change in an LPM."
divorced_among_ever_married,female,CGN_x_PC2_continuous,school_fe_ols,cgn01,30082,0.012339328914791977,0.0011982147520856682,"For binary outcomes, coefficient is percentage-point change in an LPM."
divorced_among_ever_married,female,CGN_x_PC2_continuous,school_fe_ols,pc2_z,30082,-0.001162644744338799,0.48789126757979606,"For binary outcomes, coefficient is percentage-point change in an LPM."
divorced_among_ever_married,female,CGN_x_PC2_continuous,school_fe_ols,cgn_x_pc2_z,30082,0.0001634641402641066,0.966330941553671,"For binary outcomes, coefficient is percentage-point change in an LPM."
divorced_among_ever_married,female,CGN_x_high_PC2_indicator,school_fe_ols,cgn01,30082,0.013278506550276566,0.0043280277271450845,"For binary outcomes, coefficient is percentage-point change in an LPM."
divorced_among_ever_married,female,CGN_x_high_PC2_indicator,school_fe_ols,pc2_high,30082,0.001366374061880792,0.6881478007858772,"For binary outcomes, coefficient is percentage-point change in an LPM."
divorced_among_ever_married,female,CGN_x_high_PC2_indicator,school_fe_ols,cgn_x_pc2_high,30082,-0.002935037335045166,0.7287776524102294,"For binary outcomes, coefficient is percentage-point change in an LPM."
divorced_among_ever_married,male,CGN_x_PC2_continuous,school_fe_ols,cgn01,27881,0.005707604613716243,0.13430419212441125,"For binary outcomes, coefficient is percentage-point change in an LPM."
divorced_among_ever_married,male,CGN_x_PC2_continuous,school_fe_ols,pc2_z,27881,-0.0012287247943707892,0.4675834656699511,"For binary outcomes, coefficient is percentage-point change in an LPM."
divorced_among_ever_married,male,CGN_x_PC2_continuous,school_fe_ols,cgn_x_pc2_z,27881,0.0026971290289682977,0.4616163882870786,"For binary outcomes, coefficient is percentage-point change in an LPM."
divorced_among_ever_married,male,CGN_x_high_PC2_indicator,school_fe_ols,cgn01,27881,0.007818968772387767,0.06429045104776865,"For binary outcomes, coefficient is percentage-point change in an LPM."
divorced_among_ever_married,male,CGN_x_high_PC2_indicator,school_fe_ols,pc2_high,27881,0.006578001707102899,0.05251209483145898,"For binary outcomes, coefficient is percentage-point change in an LPM."
divorced_among_ever_married,male,CGN_x_high_PC2_indicator,school_fe_ols,cgn_x_pc2_high,27881,-0.010422875153837597,0.23554529348372033,"For binary outcomes, coefficient is percentage-point change in an LPM."
